filename,pexels_id,source_url,photographer,license,license_url,transform
fox_01.jpg,8650973,https://www.pexels.com/photo/brown-fox-lying-on-green-grass-8650973/,Brett Jordan,Pexels License,https://www.pexels.com/license/,
fox_02.jpg,19983817,https://www.pexels.com/photo/fox-lie-on-cold-ground-in-winter-19983817/,Niklas Lang,Pexels License,https://www.pexels.com/license/,
fox_03.jpg,23914490,https://www.pexels.com/photo/a-fox-sitting-outdoors-23914490/,Tomáš Malík,Pexels License,https://www.pexels.com/license/,
fox_04.jpg,35986459,https://www.pexels.com/photo/red-fox-in-snowy-winter-setting-outdoors-35986459/,G N,Pexels License,https://www.pexels.com/license/,
fox_05.jpg,30296478,https://www.pexels.com/photo/close-up-of-a-red-fox-in-urban-surroundings-30296478/,Jimmyk photos,Pexels License,https://www.pexels.com/license/,
wolf_01.jpg,31767241,https://www.pexels.com/photo/gray-wolf-in-forest-clearing-during-daytime-31767241/,Daniel Lengies,Pexels License,https://www.pexels.com/license/,
wolf_02.jpg,28541402,https://www.pexels.com/photo/close-up-of-a-gray-wolf-in-natural-habitat-28541402/,Andreas Schnabl,Pexels License,https://www.pexels.com/license/,
wolf_03.jpg,7402790,https://www.pexels.com/photo/a-wolf-on-the-grass-7402790/,patrice schoefolt,Pexels License,https://www.pexels.com/license/,
wolf_04.jpg,36169697,https://www.pexels.com/photo/gray-wolf-walking-in-natural-habitat-36169697/,Jack Borno,Pexels License,https://www.pexels.com/license/,
coyote_01.jpg,6071355,https://www.pexels.com/photo/calm-coyote-walking-along-dry-grassy-terrain-6071355/,Brett Sayles,Pexels License,https://www.pexels.com/license/,
coyote_02.jpg,35677728,https://www.pexels.com/photo/coyote-in-natural-plains-habitat-35677728/,Robert So,Pexels License,https://www.pexels.com/license/,
coyote_03.jpg,20890762,https://www.pexels.com/photo/coyote-on-parking-lot-20890762/,David Torres,Pexels License,https://www.pexels.com/license/,
dog_01.jpg,30810890,https://www.pexels.com/photo/portrait-of-a-golden-retriever-in-nature-30810890/,Masood Aslami,Pexels License,https://www.pexels.com/license/,
dog_02.jpg,32320054,https://www.pexels.com/photo/energetic-border-collie-by-a-river-in-poprad-32320054/,Michal Petráš,Pexels License,https://www.pexels.com/license/,
dog_03.jpg,27208837,https://www.pexels.com/photo/husky-siberiano-fotos-en-estudio-27208837/,Ivan Garfias,Pexels License,https://www.pexels.com/license/,
dog_04.jpg,12040559,https://www.pexels.com/photo/grayscale-photo-of-a-dog-12040559/,Mathias Reding,Pexels License,https://www.pexels.com/license/,
deer_01.jpg,10906728,https://www.pexels.com/photo/brown-deer-with-large-antlers-10906728/,Lewis Ashton,Pexels License,https://www.pexels.com/license/,
deer_02.jpg,4654632,https://www.pexels.com/photo/brown-deer-on-green-grass-field-4654632/,Gantas Vaičiulėnas,Pexels License,https://www.pexels.com/license/,
deer_03.jpg,3736574,https://www.pexels.com/photo/brown-deer-standing-on-brown-soil-3736574/,Buddh Sharan Sahu,Pexels License,https://www.pexels.com/license/,
bear_01.jpg,3048718,https://www.pexels.com/photo/brown-bear-3048718/,Vincent M.A. Janssen,Pexels License,https://www.pexels.com/license/,
bear_02.jpg,10172222,https://www.pexels.com/photo/brown-bear-lying-on-dry-leaves-10172222/,Ferencz Istvan,Pexels License,https://www.pexels.com/license/,
bear_03.jpg,14431197,https://www.pexels.com/photo/close-up-photo-of-a-grizzly-bear-14431197/,Nicky Pe,Pexels License,https://www.pexels.com/license/,
car_01.jpg,29480332,https://www.pexels.com/photo/vintage-red-volkswagen-beetle-at-car-show-29480332/,Emanuel Pedro,Pexels License,https://www.pexels.com/license/,
car_02.jpg,30287465,https://www.pexels.com/photo/classic-red-sports-car-display-in-miami-30287465/,David Daza,Pexels License,https://www.pexels.com/license/,
bicycle_01.jpg,19353575,https://www.pexels.com/photo/bike-in-front-of-a-brick-wall-19353575/,Alejo Galli,Pexels License,https://www.pexels.com/license/,
bicycle_02.jpg,14763567,https://www.pexels.com/photo/bicycle-parked-on-a-beach-14763567/,Sabina Kallari,Pexels License,https://www.pexels.com/license/,
motorcycle_01.jpg,11529770,https://www.pexels.com/photo/a-biker-with-his-motorcycle-by-the-roadside-11529770/,Corentin HENRY,Pexels License,https://www.pexels.com/license/,
motorcycle_02.jpg,28643521,https://www.pexels.com/photo/motorcyclist-riding-yellow-sports-bike-on-road-28643521/,cnrdmroglu,Pexels License,https://www.pexels.com/license/,
train_01.jpg,22882439,https://www.pexels.com/photo/steaming-vintage-locomotive-22882439/,Sebastian Luna,Pexels License,https://www.pexels.com/license/,
train_02.jpg,132414,https://www.pexels.com/photo/coal-train-on-train-track-132414/,Anthony,Pexels License,https://www.pexels.com/license/,
pizza_01.jpg,31596394,https://www.pexels.com/photo/delicious-margherita-pizza-with-fresh-toppings-31596394/,Sonali Mehta,Pexels License,https://www.pexels.com/license/,
pizza_02.jpg,31587831,https://www.pexels.com/photo/delicious-pepperoni-pizza-slice-pulled-from-tray-31587831/,Furkan Alakoç,Pexels License,https://www.pexels.com/license/,
sushi_01.jpg,1028429,https://www.pexels.com/photo/sliced-sushi-on-tray-1028429/,Valeria Boltneva,Pexels License,https://www.pexels.com/license/,
sushi_02.jpg,17894247,https://www.pexels.com/photo/sushi-served-in-a-restaurant-17894247/,Valeria Boltneva,Pexels License,https://www.pexels.com/license/,
burger_01.jpg,2128536,https://www.pexels.com/photo/burger-on-plate-2128536/,Maria Fernanda Perez,Pexels License,https://www.pexels.com/license/,
burger_02.jpg,15476368,https://www.pexels.com/photo/close-up-of-tasty-burger-on-board-15476368/,Eduardo Krajan,Pexels License,https://www.pexels.com/license/,
salad_01.jpg,17303318,https://www.pexels.com/photo/dish-served-in-a-restaurant-17303318/,Nadin Sh,Pexels License,https://www.pexels.com/license/,
salad_02.jpg,17580946,https://www.pexels.com/photo/food-on-plate-17580946/,Dimitri Orlow,Pexels License,https://www.pexels.com/license/,
mountain_01.jpg,34812166,https://www.pexels.com/photo/snowy-peaks-in-tromso-norway-34812166/,Efrem Efre,Pexels License,https://www.pexels.com/license/,
mountain_02.jpg,4913501,https://www.pexels.com/photo/rough-snowy-mount-under-white-sky-in-wintertime-4913501/,Maria Orlova,Pexels License,https://www.pexels.com/license/,
beach_01.jpg,6910147,https://www.pexels.com/photo/green-palm-trees-near-sea-6910147/,alexandre saraiva carniato,Pexels License,https://www.pexels.com/license/,
beach_02.jpg,14214733,https://www.pexels.com/photo/shadows-of-palm-trees-casts-on-seashore-14214733/,Greta's Vlogs,Pexels License,https://www.pexels.com/license/,
waterfall_01.jpg,12430629,https://www.pexels.com/photo/waterfalls-in-the-woods-12430629/,Otto Rhino,Pexels License,https://www.pexels.com/license/,
waterfall_02.jpg,10889621,https://www.pexels.com/photo/flowing-waterfalls-10889621/,Vladimir Konoplev,Pexels License,https://www.pexels.com/license/,
desert_01.jpg,30710172,https://www.pexels.com/photo/golden-dunes-of-the-sahara-desert-at-dusk-30710172/,Stijn Dijkstra,Pexels License,https://www.pexels.com/license/,
desert_02.jpg,31364749,https://www.pexels.com/photo/golden-sand-dunes-in-riyadh-desert-landscape-31364749/,Æmyr Sahli,Pexels License,https://www.pexels.com/license/,
ambiguous_01.jpg,5577419,https://www.pexels.com/photo/photo-of-white-bokeh-5577419/,Fabien Burgue,Pexels License,https://www.pexels.com/license/,
ambiguous_02.jpg,23914490,https://www.pexels.com/photo/a-fox-sitting-outdoors-23914490/,Tomáš Malík,Pexels License,https://www.pexels.com/license/,blur:24
